slug,name,notes,productType,businessModel,uxMode,imageryUsage,colorStrategy,typographyTone,layoutDensity,surfaceDepth,themeMode,shapeLanguage,shadowStyle,contentFocus,motionUsage,primaryIntent
airbnb,Airbnb,"Airbnb's design exudes a warm, inviting atmosphere reminiscent of a travel magazine, with a clean white background and Rausch Red as the sole accent. The typography, featuring the custom Airbnb Cereal VF font, is expressive and approachable, utilizing rounded terminals to enhance the brand's welcoming ethos. The layout is balanced, allowing for generous whitespace that encourages leisurely browsing. The design operates in a light theme mode, with layered shadows providing depth and a tactile feel. Rounded shapes dominate the interface, contributing to a friendly and accessible user experience. Content is primarily presented through high-quality photography, making listings visually engaging and immersive.",marketplace,marketplace,browsingHeavy,imageFirst,singleAccent,expressive,balanced,layered,lightFirst,rounded,stacked,photography,medium,exploration
airtable,Airtable,"Airtable's design exudes a vibe of sophisticated simplicity, utilizing a clean white canvas paired with deep navy text and a vibrant blue accent. The color strategy is multi-accent, with a focus on usability and clarity. Typography employs the Haas font family, which is neutral and well-spaced, enhancing readability. The layout is balanced, providing a comfortable density of information without feeling cluttered. The theme is light-first, promoting a fresh and inviting atmosphere. Rounded shapes are prevalent, contributing to a friendly and approachable design language. Content is primarily presented through product screenshots, effectively showcasing functionality and user experience.",digital,saas,browsingHeavy,mixed,multiAccent,neutral,balanced,layered,lightFirst,rounded,subtle,productScreenshots,medium,trust
apple,Apple,"Apple's design exudes a premium, cinematic vibe, utilizing stark black and light gray backgrounds to create a dramatic contrast. The typography, anchored by the SF Pro typeface, is meticulously crafted for clarity and impact, with tight line heights enhancing the reading experience. The color strategy is minimalistic, featuring a single accent color, Apple Blue, which draws attention to interactive elements. The layout is sparse, allowing generous whitespace that emphasizes product photography, presented as the hero of each section. The theme is predominantly dark, enhancing the immersive experience, while the shape language favors pill-rounded elements for CTAs. Overall, the content is presented through high-quality photography, reinforcing the brand's focus on product excellence and trustworthiness.",physical,ecommerce,browsingHeavy,imageFirst,singleAccent,premium,sparse,flat,darkFirst,pill,subtle,photography,low,trust
bmw,BMW,"BMW's design system exudes precision and performance, with a dark-first theme that emphasizes sharp, angular shapes. The color strategy is single accent, utilizing BMW Blue sparingly for interactive elements. Typography is technical, featuring the proprietary BMWTypeNextLatin typeface, which maintains a dense layout with tight line-heights. The overall vibe is that of a luxury automotive showroom, with full-bleed photography creating a cinematic experience. Content is presented primarily through striking automotive photography, enhancing the brand's identity. The absence of shadows and the use of flat surfaces contribute to a clean, modern aesthetic, while the sharp corners reinforce the industrial design ethos. This cohesive approach ensures a strong brand presence across all digital touchpoints.",physical,other,browsingHeavy,imageFirst,singleAccent,technical,dense,flat,darkFirst,sharp,none,photography,low,trust
cal,Cal.com,"Cal.com embodies a clean, professional aesthetic with a monochrome color strategy that emphasizes boldness through contrast rather than color. The typography features a technical tone, utilizing Cal Sans for headings and Inter for body text, creating a clear hierarchy. The layout is balanced, with generous whitespace that enhances readability and user focus. The design employs a light-first theme mode, ensuring maximum contrast with a white background and near-black text. Shape language is predominantly pill-shaped, contributing to a modern feel. Content is presented primarily through product screenshots, showcasing the scheduling UI effectively without decorative elements, reinforcing the product's functionality and trustworthiness.",digital,saas,taskFocused,unknown,monochrome,technical,balanced,layered,lightFirst,pill,stacked,productScreenshots,low,trust
claude,Claude,"Claude's design exudes a warm, intellectual vibe, reminiscent of a literary salon. The color strategy employs a warm neutral palette with terracotta accents, creating a cozy atmosphere. Typography is expressive, featuring a custom serif typeface that enhances readability and adds character. The layout is balanced, with generous spacing that invites exploration. The theme alternates between light and dark modes, enhancing visual interest and depth. Rounded shapes soften the interface, contributing to an approachable feel. Content is presented through organic illustrations and product screenshots, emphasizing a human touch rather than a tech-centric approach. Overall, the design fosters a sense of trust and companionship.",digital,ai,browsingHeavy,mixed,multiAccent,expressive,balanced,layered,dual,rounded,ring,illustration,low,emotionalBranding
clay,Clay,"Clay's design exudes a warm, playful vibe, utilizing a palette of vibrant colors against a warm cream background. The typography, featuring the expressive Roobert font, adds a quirky character, while the layout maintains a balanced density that feels inviting. The design is light-first, enhancing the artisanal feel with rounded shapes and layered surfaces. Content is presented through a mix of illustrations and product screenshots, creating a dynamic visual experience. The playful hover animations and multi-layer shadows contribute to a tactile interaction, making the interface feel engaging and friendly. Overall, Clay's design strategy emphasizes emotional branding through its unique aesthetic and thoughtful details.",digital,saas,mixed,mixed,multiAccent,expressive,balanced,layered,lightFirst,mixed,stacked,mixed,medium,emotionalBranding
clickhouse,ClickHouse,"ClickHouse's design exudes a high-performance, technical vibe with a striking dark theme. The color strategy is centered around a single accent, neon yellow-green, which pops against a pure black background, creating a visually intense experience. Typography is bold and technical, utilizing heavy weights to convey strength and clarity. The layout is dense, packed with information, reflecting the product's data-centric nature. The theme is dark-first, enhancing focus on content while the sharp shape language adds a sense of precision. Content is primarily presented through code blocks, emphasizing the technical aspect of the product, with mixed imagery used to support the narrative. Overall, the design is a powerful representation of speed and performance, aimed at instilling trust in users.",digital,devtools,browsingHeavy,mixed,singleAccent,technical,dense,layered,darkFirst,sharp,unknown,codeFirst,low,trust
cohere,Cohere,"Cohere's design exudes a polished, enterprise-grade vibe, primarily utilizing a bright white canvas with cool gray accents. The typography features a dual-typeface system, combining a custom serif for headlines with a geometric sans for body text, creating a balance of authority and clarity. The color strategy is monochrome, with minimal use of purple accents, ensuring that any color used carries significant weight. The layout is balanced, with rounded cards that provide a soft, approachable feel. The theme is light-first, emphasizing clarity and professionalism. Content is presented through a mix of product screenshots and enterprise photography, enhancing the technical narrative without overwhelming the user. Overall, the design communicates trust and sophistication, appealing to a professional audience.",digital,ai,taskFocused,mixed,monochrome,technical,balanced,flat,lightFirst,mixed,none,productScreenshots,low,trust
coinbase,Coinbase,"Coinbase's design exudes a clean and trustworthy vibe, primarily utilizing a blue-and-white color palette that emphasizes financial reliability. The singular brand accent, Coinbase Blue, is complemented by a balanced use of white and near-black surfaces, creating a professional atmosphere. Typography is neutral, featuring a proprietary four-font system that enhances readability and hierarchy. The layout is balanced, with a flat surface depth that avoids overwhelming the user. The design adopts a light-first theme mode, with pill-shaped buttons that provide a friendly yet professional touch. Content is presented through a mix of product screenshots and clean typography, ensuring clarity and focus on the user experience. Overall, the design reflects a modern, user-centric approach to digital finance.",digital,fintech,browsingHeavy,mixed,singleAccent,neutral,balanced,flat,lightFirst,pill,none,productScreenshots,low,trust
composio,Composio,"Composio's design exudes a developer-centric vibe, characterized by a dark, almost pure-black interface that feels like a high-tech command center. The color strategy is monochrome, with electric cyan and cobalt used sparingly for emphasis, creating a striking contrast against the dark background. Typography is technical, featuring JetBrains Mono and abcDiatype, with tight line heights that enhance the dense layout. The theme is dark-first, reinforcing the developer aesthetic, while the sharp shape language adds a sense of precision. Content is primarily presented through code snippets and technical displays, with imagery used to support rather than dominate. Overall, the design balances minimalism with impactful visual elements, ensuring a focused user experience.",digital,devtools,taskFocused,mixed,monochrome,technical,dense,layered,darkFirst,sharp,unknown,codeFirst,low,trust
cursor,Cursor,"Cursor's design exudes a warm minimalism, utilizing a palette of off-white and warm browns that evoke a cozy, premium feel. The typography is rich, featuring a gothic sans-serif for headings, a serif for body text, and a monospace font for code, creating a layered depth. The layout is balanced, with a focus on spaciousness and warmth, while the light-first theme enhances readability. The shape language is predominantly pill-shaped, contributing to a friendly and approachable interface. Content is presented through a mix of code snippets and screenshots, emphasizing the product's functionality. Overall, the design feels inviting and sophisticated, appealing to developers and users alike.",digital,devtools,creationTool,mixed,multiAccent,premium,balanced,layered,lightFirst,pill,subtle,mixed,medium,trust
elevenlabs,ElevenLabs,"The overall vibe of ElevenLabs' design is one of restrained elegance, with a light-first theme that emphasizes a near-white canvas complemented by warm undertones. The color strategy employs a multi-accent approach, using soft grays and warm stone tones to create a welcoming atmosphere. Typography is premium, featuring light-weight headings that evoke a sense of ethereality, while body text is airy and well-spaced. The layout is balanced, providing ample whitespace that enhances readability and visual flow. The shape language is predominantly pill-shaped, contributing to a tactile quality in buttons and UI elements. Content is presented through a mix of product screenshots and illustrations, with a focus on audio waveform visualizations that highlight the brand's voice AI capabilities. The layered shadow style adds depth without overwhelming the design, maintaining a clean and sophisticated look.",digital,ai,mixed,mixed,multiAccent,premium,balanced,layered,lightFirst,pill,unknown,mixed,low,emotionalBranding
expo,Expo,"Expo's design exudes a premium, polished vibe with a light-first theme that emphasizes clarity and usability. The color strategy is strictly monochrome, utilizing a cool off-white background with black and blue-gray text, creating a clean and modern aesthetic. Typography is handled exclusively with the Inter typeface, featuring tight letter-spacing and large display sizes that enhance readability and impact. The layout is sparse, allowing for generous whitespace that gives each section a gallery-like feel. The shape language is predominantly pill-shaped, contributing to an approachable and friendly interface. Content is primarily presented through product screenshots, which provide vibrant color against the neutral backdrop, while illustrations are minimal. Overall, the design communicates confidence and sophistication, making it ideal for a developer-focused platform.",digital,devtools,browsingHeavy,imageFirst,monochrome,premium,sparse,flat,lightFirst,pill,subtle,productScreenshots,low,trust
figma,Figma,"Figma's design system exudes a sophisticated and modern vibe, primarily utilizing a black-and-white interface with vibrant gradients in product showcases. The color strategy is gradient-led, emphasizing the colorful outputs of the tool rather than the interface itself. Typography is expressive, featuring a custom variable font that allows for nuanced weight variations, enhancing visual hierarchy. The layout is balanced, providing ample whitespace that creates a gallery-like feel, while the flat surface depth keeps the focus on content. The theme mode is light-first, with a pill shape language that adds a friendly touch to buttons and interactive elements. Content is presented through product screenshots, showcasing the tool's capabilities in a visually engaging manner, supported by subtle motion effects that enhance user experience.",digital,devtools,creationTool,mixed,gradientLed,expressive,balanced,flat,lightFirst,pill,subtle,productScreenshots,medium,exploration
framer,Framer,"Framer's design system embodies a dark-first aesthetic, utilizing pure black as the primary canvas, which creates a striking contrast with the Framer Blue accent. Typography is technical, featuring GT Walsheim with extreme negative letter-spacing, enhancing the compressed and kinetic feel of the text. The layout is dense, with tightly packed elements that float in generous whitespace, emphasizing the product's functionality. The shape language is pill-shaped, ensuring all interactive elements are soft and inviting. Content is presented primarily through product screenshots, showcasing the tool's capabilities directly. The overall vibe is confident and sophisticated, appealing to designers who appreciate craft and precision. The use of subtle ring shadows adds depth without overwhelming the minimalist design.",digital,saas,creationTool,imageFirst,singleAccent,technical,dense,flat,darkFirst,pill,ring,productScreenshots,medium,trust
hashicorp,HashiCorp,"HashiCorp's design system embodies a duality of light and dark modes, creating a sophisticated yet approachable atmosphere. The color strategy employs a multi-accent approach, with distinct product colors that enhance brand identity while maintaining a cohesive overall palette. Typography is technical, utilizing a custom font with dense, authoritative headings that convey enterprise confidence. The layout is dense, with subtle depth achieved through micro-shadows, ensuring clarity without overwhelming the user. The theme operates in dual mode, balancing clean white sections with dramatic dark hero areas. The shape language is sharp, reflecting a modern aesthetic, while content is presented through a mix of illustrations and product screenshots, enhancing user engagement and understanding.",mixed,devtools,mixed,mixed,multiAccent,technical,dense,subtle,dual,sharp,subtle,mixed,low,trust
ibm,IBM,"IBM's design system exudes a corporate precision with a stark duality of light and dark themes. The color strategy is anchored by a single accent, IBM Blue 60, against a predominantly monochrome palette. Typography is technical, utilizing IBM Plex Sans and Mono, with a focus on clarity and readability. The layout is dense, reflecting a productive density that aligns with enterprise needs. The theme mode alternates between light and dark, enhancing usability across contexts. Shape language is sharp, with a flat design philosophy that avoids shadows, emphasizing a clean aesthetic. Content is presented through a mix of code and imagery, reinforcing the technical focus while maintaining visual engagement.",digital,other,browsingHeavy,mixed,singleAccent,technical,dense,flat,dual,sharp,none,codeFirst,low,trust
intercom,Intercom,"Intercom's design exudes a warm and confident vibe, utilizing a light color palette dominated by warm off-white and off-black. The typography is technical, featuring the custom Saans font with aggressive negative letter-spacing, creating a precise and engineered feel. The layout is balanced, ensuring content is easily digestible without feeling cluttered. The theme is light-first, enhancing readability and user comfort. Sharp shapes dominate the design, particularly in buttons, which have a near-rectangular form with a subtle hover effect. Content is presented through a mix of code snippets and illustrations, reinforcing the technical nature of the platform. Overall, the design communicates trust and professionalism, aligning with its AI-first helpdesk identity.",digital,ai,taskFocused,mixed,singleAccent,expressive,balanced,flat,lightFirst,sharp,none,mixed,medium,trust
kraken,Kraken,"Kraken's design exudes a clean and trustworthy vibe, primarily utilizing a light theme with white backgrounds and a striking purple color palette. The use of rounded shapes, particularly in buttons, adds a friendly touch while maintaining professionalism. Typography is technical, featuring a dual font system that balances display and UI needs effectively. The layout is balanced, ensuring content is presented clearly without overwhelming the user. Subtle shadows enhance depth without being intrusive. Imagery is mixed, incorporating product screenshots to showcase functionality, aligning with the overall goal of building trust. The design's multi-accent color strategy allows for visual interest while maintaining brand consistency.",digital,fintech,browsingHeavy,mixed,multiAccent,technical,balanced,subtle,lightFirst,rounded,subtle,productScreenshots,medium,trust
linear,Linear,"Linear's design exudes a sleek, dark aesthetic that emphasizes precision and clarity. The color strategy is predominantly monochromatic with a single accent color, creating a sophisticated and focused visual experience. Typography is technical, utilizing the Inter Variable font with specific OpenType features for a clean, geometric look. The layout is balanced, ensuring that content is easily digestible without feeling cluttered. The theme is dark-first, enhancing the overall mood and making the interface feel immersive. Rounded shapes are used throughout, softening the visual impact while maintaining a modern feel. Content is primarily presented through product screenshots, effectively showcasing the software's functionality in a visually appealing manner.",digital,saas,taskFocused,mixed,singleAccent,technical,balanced,layered,darkFirst,mixed,stacked,productScreenshots,medium,trust
lovable,Lovable,"Lovable's design exudes warmth and approachability, utilizing a creamy background that sets a cozy tone. The color strategy employs a multi-accent approach, with a focus on soft, neutral tones that enhance readability. Typography is expressive, featuring the Camera Plain Variable typeface, which adds a human touch with its rounded forms. The layout is balanced, providing ample whitespace that invites exploration without feeling sparse. The design operates in a light-first theme mode, creating a bright and inviting atmosphere. Rounded shapes dominate the interface, contributing to a friendly vibe. Content is presented through a mix of illustrations and photography, enhancing the emotional connection with users. Overall, the design feels cohesive and thoughtfully crafted, aiming to foster trust and engagement.",digital,ai,mixed,mixed,multiAccent,expressive,balanced,subtle,lightFirst,rounded,subtle,illustration,medium,emotionalBranding
minimax,MiniMax,"MiniMax's design exudes a clean, approachable vibe with a light-first theme that emphasizes white space. The color strategy employs vibrant gradients and a multi-accent palette, making product cards visually striking against the pure white background. Typography is expressive, utilizing a multi-font system that enhances readability and engagement. The layout is balanced, providing a comfortable density that invites exploration without overwhelming the user. The shape language features pill buttons and rounded cards, contributing to a friendly aesthetic. Content is primarily presented through colorful illustrations, showcasing AI capabilities in a gallery-like format. Subtle shadows add depth without detracting from the overall lightness of the design.",digital,ai,browsingHeavy,mixed,multiAccent,expressive,balanced,subtle,lightFirst,pill,subtle,illustration,medium,exploration
mintlify,Mintlify,"Mintlify's design exudes a calm and confident vibe, emphasizing clarity and legibility. The color strategy features a luminous white background with a soft green accent, creating a fresh and intelligent atmosphere. Typography is dominated by the Inter font family, which is technical and precise, while Geist Mono is reserved for code contexts. The layout is sparse, allowing for generous whitespace that enhances readability. The theme is light-first, with rounded shapes that soften the overall appearance. Content is presented through a mix of illustrations and product screenshots, supported by atmospheric gradient backgrounds that add depth without overwhelming the user. Overall, the design reflects a commitment to a superior developer experience.",digital,devtools,docsHeavy,mixed,gradientLed,technical,sparse,flat,lightFirst,pill,subtle,illustration,low,trust
miro,Miro,"Miro's design exudes a clean and collaborative vibe, emphasizing visual thinking through a predominantly white canvas and pastel accents. The color strategy employs a multi-accent approach, utilizing a range of soft hues like coral and teal to enhance user engagement. Typography is expressive, featuring Roobert PRO Medium for headings and Noto Sans for body text, creating a modern and approachable feel. The layout is balanced, with generous whitespace that allows for easy navigation and comprehension. The design is light-first, promoting a bright and airy atmosphere. Rounded shapes are prevalent, contributing to a friendly and inviting interface. Content is presented through a mix of illustrations and interactive elements, ensuring a dynamic user experience. Overall, the design reflects a thoughtful blend of aesthetics and functionality, aimed at fostering collaboration.",digital,saas,mixed,mixed,multiAccent,expressive,balanced,subtle,lightFirst,rounded,ring,illustration,medium,exploration
mistral.ai,Mistral AI,"Mistral AI's design exudes a warm, inviting atmosphere with a golden-amber color palette that evokes late-afternoon light. The typography is bold and expressive, featuring massive headlines that create a striking visual impact. The layout is balanced, allowing for generous whitespace that enhances readability while maintaining a layered depth through warm shadows. The theme is light-first, with sharp, architectural shapes that contrast with the warmth of the colors. Content is primarily presented through dramatic landscape photography, reinforcing the brand's identity. The overall vibe is confident and luxurious, reminiscent of European design aesthetics, making it feel less like a tech company and more like a premium brand.",digital,ai,mixed,mixed,gradientLed,expressive,balanced,layered,lightFirst,sharp,stacked,photography,medium,emotionalBranding
mongodb,MongoDB,"MongoDB's design system exudes a deep, forest-like atmosphere with a dark teal-black background and vibrant neon green accents, creating an electric yet organic feel. The typography blends authority and technical precision, utilizing a three-font system that balances editorial elegance with engineering clarity. The dual-mode design features a stark contrast between dark hero sections and light content areas, enhancing readability and engagement. The shape language is predominantly pill-shaped, particularly for buttons, which adds a modern touch. Content is presented through a mix of product screenshots and illustrations, ensuring a dynamic visual experience. The overall layout is balanced, with a thoughtful use of whitespace that allows for a clean and organized presentation of information.",digital,devtools,mixed,mixed,multiAccent,technical,balanced,layered,dual,pill,subtle,mixed,medium,trust
notion,Notion,"Notion's design exudes a warm, approachable minimalism, utilizing a palette of warm neutrals that evoke a tactile quality. The typography, centered around the NotionInter font, employs aggressive letter-spacing for impactful headlines while maintaining readability. The layout is balanced, with subtle depth achieved through whisper-thin borders and soft shadows, creating a sense of structure without heaviness. The light-first theme mode enhances the clean aesthetic, while rounded shapes contribute to a friendly interface. Content is presented through a mix of product screenshots and illustrations, emphasizing clarity and engagement. Overall, the design fosters trust and exploration, aligning with Notion's core values.",digital,saas,mixed,mixed,singleAccent,neutral,balanced,subtle,lightFirst,rounded,subtle,mixed,low,trust
nvidia,NVIDIA,"NVIDIA's design exudes a high-tech, industrial vibe, primarily using a dark theme with sharp edges and minimalistic elements. The color strategy is anchored by a single accent, the signature NVIDIA Green, which is used sparingly to highlight key elements. Typography is technical and authoritative, with a focus on bold weights that enhance readability and convey confidence. The layout is dense, reflecting the complexity of the content, while maintaining a flat surface depth that emphasizes clarity. The overall shape language is sharp, aligning with the brand's engineering focus. Content is presented through a mix of product screenshots and illustrations, ensuring a dynamic yet cohesive visual experience.",digital,other,browsingHeavy,mixed,singleAccent,technical,dense,flat,darkFirst,sharp,subtle,mixed,low,trust
ollama,Ollama,"Ollama's design embodies radical minimalism, featuring a pure white interface devoid of color, creating a monochrome environment. The typography employs SF Pro Rounded, enhancing approachability with its soft, rounded forms. The layout is sparse, emphasizing content clarity and focus, while the absence of shadows contributes to a flat aesthetic. The theme is light-first, with a pill-shaped geometry for all interactive elements, reinforcing a cohesive visual language. Content is primarily presented through code snippets and the Ollama llama mascot, rendered in simple black line art. This design philosophy prioritizes functionality and user trust, ensuring that every element serves a purpose without unnecessary embellishments.",digital,devtools,browsingHeavy,unknown,monochrome,neutral,sparse,flat,lightFirst,pill,none,codeFirst,low,trust
opencode.ai,OpenCode,"OpenCode's design exudes a terminal-native aesthetic, characterized by a warm dark theme that feels sophisticated rather than cold. The color strategy is monochrome, utilizing a near-black background with off-white text, creating a cohesive and lived-in quality. Typography is strictly monospace, with Berkeley Mono used throughout, reinforcing a technical tone. The layout is balanced, with generous spacing that enhances readability while maintaining a flat surface depth. The theme is dark-first, aligning with the terminal aesthetic, and the shape language is sharp, reflecting a utilitarian approach. Content is primarily presented through code snippets and terminal screenshots, emphasizing the product's coding identity. Overall, the design communicates trust and familiarity, appealing to users in the tech space.",digital,ai,mixed,mixed,monochrome,technical,balanced,flat,darkFirst,sharp,none,codeFirst,low,trust
pinterest,Pinterest,"Pinterest's design exudes a warm, inviting atmosphere, utilizing a soft white background complemented by a bold Pinterest Red accent. The typography, featuring the custom Pin Sans font, is expressive and designed for readability, with a compact type scale that enhances the browsing experience. The layout is dense, prioritizing visual content through a photography-first approach, while the rounded shape language adds a friendly touch. The overall theme is light, creating a cozy environment that encourages exploration. Shadows are minimal, emphasizing the flat design that relies on color and content for depth. The color strategy is anchored by a single accent, ensuring brand consistency without overwhelming the user. This thoughtful design approach fosters a personal, craft-like feel, making the platform feel less corporate and more like a lifestyle magazine.",digital,social,browsingHeavy,imageFirst,singleAccent,expressive,dense,flat,lightFirst,rounded,none,photography,low,exploration
posthog,PostHog,"PostHog's design exudes a warm, irreverent vibe, reminiscent of a cozy startup wiki. The color strategy leans towards earthy olive greens and muted sage, creating an approachable atmosphere. Typography is anchored by IBM Plex Sans Variable, emphasizing technical credibility while maintaining a playful tone. The layout is dense, packed with content that reads like a magazine, and the theme is light-first, enhancing readability. Rounded shapes are prevalent, contributing to a friendly aesthetic. Content is presented through a mix of hand-drawn illustrations and product screenshots, avoiding stock photography to maintain authenticity. Overall, the design feels unique and engaging, inviting exploration.",digital,devtools,mixed,mixed,multiAccent,technical,dense,flat,lightFirst,rounded,none,illustration,medium,exploration
raycast,Raycast,"Raycast's design exudes a high-tech, professional vibe, characterized by a near-black blue background that enhances its digital tool identity. The color strategy employs a multi-accent approach, with Raycast Red as a key highlight against the dark surfaces. Typography is technical, using Inter for clarity and GeistMono for code, ensuring readability in a dense layout. The layered depth from shadows creates a tactile experience, while the dark-first theme reinforces focus on content. The shape language is predominantly pill-shaped, aligning with modern UI trends. Content is presented through a mix of code snippets and product screenshots, emphasizing functionality and user engagement.",digital,devtools,taskFocused,mixed,multiAccent,technical,dense,layered,darkFirst,pill,stacked,codeFirst,medium,trust
replicate,Replicate,"Replicate's design exudes a vibrant, energetic vibe, reminiscent of a music festival. The color strategy employs a bold gradient, primarily orange-red-magenta, creating a striking visual impact. Typography is expressive, featuring massive display fonts that command attention, while body text remains clean and functional. The layout is balanced, with generous whitespace that enhances readability. The theme is dark-first, utilizing a near-black background to make the vibrant colors pop. Shape language is exclusively pill-shaped, contributing to a playful and modern aesthetic. Content is presented through a mix of code snippets and AI-generated images, fostering a community-driven atmosphere that invites exploration and creativity.",digital,ai,mixed,mixed,gradientLed,expressive,balanced,flat,darkFirst,pill,none,mixed,medium,exploration
resend,Resend,"Resend's design exudes a premium, cinematic vibe with a dark theme that enhances the luxurious feel of its digital product. The color strategy employs a multi-accent approach, featuring icy blue-tinted borders and vibrant accent colors that stand out against the pure black background. Typography is carefully curated, with a hierarchy that balances expressive display fonts with clean, readable body text. The layout is balanced, providing ample whitespace that feels both spacious and intimate. The design favors a dark-first theme mode, utilizing pill-shaped buttons that contribute to a cohesive shape language. Content is presented through a mix of code examples and product screenshots, ensuring clarity and engagement. Overall, the design is meticulously crafted to evoke trust and confidence in its users.",digital,devtools,creationTool,mixed,multiAccent,premium,balanced,flat,darkFirst,pill,ring,codeFirst,low,trust
revolut,Revolut,"Revolut's design exudes confidence with a premium feel, utilizing a disciplined neutral palette and massive typography. The color strategy is multi-accent, featuring a restrained near-black and white for marketing, while vibrant semantic colors are reserved for the product interface. Typography is dominated by Aeonik Pro, creating a bold and authoritative presence, complemented by the Inter font for body text. The layout is balanced, with generous whitespace enhancing readability. The theme is dark-first, aligning with the fintech identity, while the shape language is consistently pill-shaped for buttons, promoting a modern aesthetic. Content is primarily presented through code and product screenshots, emphasizing functionality and user trust.",digital,fintech,mixed,mixed,multiAccent,premium,balanced,flat,darkFirst,pill,none,codeFirst,low,trust
runwayml,Runway,"Runway's design exudes a cinematic and editorial vibe, utilizing a dark palette that emphasizes full-bleed photography and video. The color strategy is anchored in a single accent, with cool neutrals enhancing the visual content. Typography is expressive, featuring a single geometric sans-serif typeface, abcNormal, which maintains a tight, dense layout. The theme is dark-first, creating a dramatic atmosphere that complements the imagery. Shape language is subtly rounded, contributing to a modern feel. Content is presented primarily through high-quality photography, with minimal UI elements that retreat into the background, allowing the visuals to dominate the experience.",digital,ai,browsingHeavy,imageFirst,singleAccent,expressive,dense,flat,darkFirst,rounded,none,photography,low,emotionalBranding
sanity,Sanity,"Sanity's design exudes a dark, structured vibe, resembling a command center. The color strategy is monochromatic, utilizing a near-black canvas with vivid accent colors for emphasis. Typography is technical, featuring waldenburgNormal for headlines and IBM Plex Mono for code, creating a precise, engineered feel. The layout is dense, with tightly packed information clusters, while the overall theme is dark-first, enhancing focus on content. Shape language is predominantly pill-shaped for buttons, contributing to a modern aesthetic. Content is presented through a mix of code snippets and structured layouts, reinforcing the platform's developer-centric approach. The absence of shadows maintains a flat appearance, emphasizing clarity and functionality.",digital,devtools,taskFocused,mixed,monochrome,technical,dense,flat,darkFirst,pill,none,codeFirst,low,trust
sentry,Sentry,"Sentry's design exudes a technical yet vibrant atmosphere, primarily utilizing a dark mode aesthetic with deep purple-black backgrounds. The color strategy employs a multi-accent approach, featuring warm purples and a striking lime-green accent for visibility. Typography is a blend of expressive and technical tones, with 'Dammit Sans' for impactful headings and 'Rubik' for functional text, creating a balanced density. The theme is dark-first, enhancing the developer tool experience, while the rounded shape language softens the interface. Content is presented through a mix of illustrations and product screenshots, ensuring clarity and engagement. Overall, the design feels inviting and dynamic, perfect for late-night coding sessions.",digital,devtools,taskFocused,mixed,multiAccent,technical,balanced,layered,darkFirst,rounded,subtle,mixed,medium,trust
spacex,SpaceX,"SpaceX's design exudes a cinematic and minimalist vibe, utilizing a pure black background with full-viewport photography that immerses users in the aerospace theme. The color strategy is monochrome, relying solely on black and a spectral near-white for text, creating a stark contrast that enhances readability. Typography is technical, featuring the D-DIN typeface in all uppercase, which reinforces the industrial aesthetic. The layout is sparse, with no containers or shadows, allowing the imagery to dominate the experience. The theme is dark-first, aligning with the space exploration narrative. The shape language is sharp, reflecting the precision of aerospace engineering. Content is presented through striking photography, with text overlays that maintain a clean and direct communication style, emphasizing the emotional connection to space exploration.",digital,other,browsingHeavy,imageFirst,monochrome,technical,sparse,flat,darkFirst,sharp,unknown,photography,low,emotionalBranding
spotify,Spotify,"Spotify's design exudes a dark, immersive vibe, utilizing a near-black color palette that enhances the visibility of album art and content. The primary accent, Spotify Green, is used functionally rather than decoratively, creating a striking contrast against the achromatic UI. Typography is compact and expressive, featuring proprietary fonts that support multiple global scripts, ensuring accessibility. The layout is dense, with tightly packed content that prioritizes user engagement over whitespace. The dark theme is complemented by rounded shapes, particularly in buttons and controls, which are designed for touch interaction. Content is primarily presented through product screenshots, emphasizing the music and podcast experience. Overall, the design feels premium and tactile, inviting users into a rich auditory environment.",digital,media,browsingHeavy,imageFirst,singleAccent,expressive,dense,layered,darkFirst,pill,stacked,productScreenshots,unknown,unknown
stripe,Stripe,"Stripe's design exudes a premium, technical vibe with a clean white background and deep navy accents. The color strategy employs a multi-accent approach, featuring a signature purple that serves as both a brand anchor and interactive element. Typography is characterized by the custom sohne-var font, which is light and modern, enhancing the overall luxurious feel. The layout is balanced, with a layered surface depth created by blue-tinted shadows that add atmospheric depth. The theme is light-first, promoting clarity and accessibility. Rounded shapes are used throughout, contributing to a friendly and approachable aesthetic. Content is primarily presented through product screenshots, effectively showcasing the software's functionality while maintaining a polished look.",digital,fintech,taskFocused,mixed,multiAccent,premium,balanced,layered,lightFirst,rounded,stacked,productScreenshots,medium,trust
supabase,Supabase,"Supabase's design exudes a dark, developer-centric vibe, reminiscent of a premium code editor. The color strategy employs deep blacks with emerald green accents, creating a sophisticated yet approachable atmosphere. Typography is dominated by the Circular font, which balances technicality with warmth through its rounded terminals. The layout is dense, maximizing information delivery while maintaining clarity. The theme is firmly dark-first, enhancing focus on content. Shape language is predominantly pill-shaped for buttons, reinforcing a modern aesthetic. Content is presented through a mix of code snippets and minimalistic visuals, emphasizing functionality over decoration. Overall, the design is a seamless blend of technical precision and user-friendly elements.",digital,devtools,mixed,mixed,multiAccent,technical,dense,layered,darkFirst,pill,none,codeFirst,low,trust
superhuman,Superhuman,"Superhuman's design exudes a premium, luxury vibe with a predominantly white canvas and a striking purple gradient hero. The color strategy is centered around a single accent, 'Lavender Glow,' against a clean backdrop, creating a sophisticated atmosphere. Typography is handled with a custom variable font, 'Super Sans VF,' which employs unconventional weights for a unique feel. The layout is balanced, ensuring readability while maintaining a sense of spaciousness. The theme is light-first, with rounded shapes that soften the overall presentation. Content is primarily showcased through product screenshots, emphasizing the UI's elegance and functionality without unnecessary decoration. Overall, the design communicates confidence and clarity, inviting users to engage with the product seamlessly.",digital,saas,taskFocused,mixed,gradientLed,premium,balanced,flat,lightFirst,rounded,subtle,productScreenshots,low,trust
together.ai,Together AI,"Together AI's design exudes an optimistic and airy vibe, utilizing soft pastel gradients that create a dreamlike atmosphere. The color strategy is gradient-led, with a focus on pink, blue, and lavender hues, contrasted by a deep midnight blue for darker sections. Typography is technical, featuring a custom font that employs aggressive negative tracking, enhancing the authoritative feel. The layout is balanced, providing a mix of whitespace and content density, while the dual theme mode allows for a clear distinction between business and research content. The shape language is sharp, with no rounded elements, reinforcing a modern aesthetic. Content is presented through a mix of illustrations, product screenshots, and technical documentation, ensuring a comprehensive user experience.",digital,ai,mixed,mixed,gradientLed,technical,balanced,layered,dual,sharp,subtle,mixed,medium,trust
uber,Uber,"Uber's design exudes a confident minimalism, primarily utilizing a stark black-and-white palette that emphasizes clarity and purpose. The typography, featuring the proprietary UberMove typeface, is technical and efficient, with bold headlines that command attention. The layout is dense, packing information tightly while maintaining a functional whitespace philosophy. The theme operates in dual mode, alternating between light and dark sections, enhancing usability. The shape language is distinctly pill-shaped, creating a tactile interface that is both modern and user-friendly. Content is presented through a mix of warm illustrations and full-bleed photography, adding a human touch to the otherwise monochrome aesthetic. Subtle shadows provide depth without overwhelming the flat design, ensuring a clean and structured appearance.",digital,marketplace,browsingHeavy,mixed,monochrome,technical,dense,flat,dual,pill,subtle,illustration,low,trust
vercel,Vercel,"Vercel's design system embodies a clean, technical aesthetic with a predominantly white background and near-black text, creating a gallery-like feel. The color strategy is monochrome, emphasizing grays and whites, while the typography is technical, featuring the Geist font family with aggressive negative letter-spacing for a compressed look. The layout is sparse, allowing for ample whitespace that enhances readability and focus on content. The theme is light-first, with rounded shapes used throughout the interface. Content is primarily presented through code snippets, supported by product screenshots, reinforcing the developer-centric approach. The layered shadow technique adds depth without clutter, maintaining a sophisticated visual hierarchy.",digital,devtools,browsingHeavy,mixed,monochrome,technical,sparse,layered,lightFirst,mixed,stacked,codeFirst,low,trust
voltagent,VoltAgent,"VoltAgent's design embodies a developer-centric aesthetic with a dark-first theme, utilizing a near-pure-black background that enhances focus. The color strategy is single-accent, featuring an electric emerald green that serves as the primary visual cue against warm-neutral grays. Typography is technical, leveraging system fonts for headings and Inter for body text, creating a sense of authority and speed. The layout is dense, with tightly packed elements that convey a sense of urgency and purpose. Rounded shapes soften the interface, while the content is primarily presented through code snippets, reinforcing the platform's engineering focus. The overall vibe is one of high-tech sophistication, designed for developers who thrive in a command-line environment.",digital,devtools,taskFocused,mixed,singleAccent,technical,dense,flat,darkFirst,mixed,stacked,codeFirst,medium,trust
warp,Warp,"Warp's design exudes a warm, inviting atmosphere, reminiscent of a campfire in a dark forest. The color strategy is almost monochromatic, utilizing warm grays and a near-black background that feels earthy rather than cold. Typography is centered around the Matter font, which is geometric yet approachable, enhancing legibility and warmth. The layout is balanced, with generous whitespace that allows nature photography to breathe alongside terminal screenshots, creating a calm and productive vibe. The theme is dark-first, with pill-shaped buttons that maintain a restrained aesthetic. Content is presented through a mix of photography and product screenshots, reinforcing the lifestyle aspect of the brand while ensuring clarity and focus.",digital,devtools,creationTool,mixed,monochrome,neutral,balanced,flat,darkFirst,mixed,none,mixed,low,trust
webflow,Webflow,"Webflow's design exudes a modern and tool-centric vibe, emphasizing a 'design without code' philosophy. The color strategy employs a clean white background with a vibrant primary blue and a rich array of secondary colors, creating a lively yet professional atmosphere. Typography is expressive, utilizing the custom WF Visual Sans Variable font, which adds a confident touch to the overall presentation. The layout is balanced, ensuring that content is easily digestible without feeling cluttered. The design is light-first, enhancing accessibility and readability. Sharp shapes dominate the interface, contributing to a sleek and contemporary look. Content is primarily presented through illustrations and interactive elements, supported by a medium level of motion to engage users effectively.",digital,saas,creationTool,mixed,multiAccent,expressive,balanced,layered,lightFirst,sharp,stacked,illustration,medium,trust
wise,Wise,"Wise's design exudes a bold and confident vibe, utilizing a warm off-white background with striking lime-green accents. The typography is expressive, featuring massive, dense headlines in Wise Sans at weight 900, creating an urgent and impactful presence. The color strategy employs multiple accents, primarily the vibrant Wise Green, which contrasts sharply against near-black text. The layout is dense, with a flat surface depth that emphasizes clarity and readability. The theme is light-first, enhancing the optimistic feel of the platform. Shape language is predominantly pill-shaped for buttons, contributing to a friendly and approachable aesthetic. Content is presented through a mix of illustrations and typography, ensuring a dynamic and engaging user experience.",digital,fintech,browsingHeavy,mixed,multiAccent,expressive,dense,flat,lightFirst,pill,ring,illustration,medium,trust
x.ai,xAI,"The overall vibe of xAI's design is a stark, technical minimalism that emphasizes functionality over decoration. The color strategy is strictly monochrome, utilizing a near-black background with pure white text to create high contrast. Typography is dominated by a technical tone, featuring a monospace font for display elements, which reinforces the brand's engineering roots. The layout is dense, with a focus on information delivery, while the surface depth remains flat, avoiding any shadows or gradients. The theme mode is dark-first, enhancing the terminal-like aesthetic. The shape language is sharp, with minimal rounding, contributing to a precise, brutalist feel. Content is presented primarily through code and text, with a deliberate absence of imagery, reinforcing the focus on clarity and technical credibility.",digital,ai,browsingHeavy,textFirst,monochrome,technical,dense,flat,darkFirst,sharp,none,codeFirst,low,trust
zapier,Zapier,"Zapier's design exudes a warm, approachable professionalism with a cream background that feels organic. The color strategy employs a single accent, the vibrant Zapier Orange, used sparingly for CTAs, creating an energetic yet inviting atmosphere. Typography is expressive, featuring a mix of Degular Display for impactful headlines and Inter for functional text, ensuring clarity and engagement. The layout is balanced, with a flat surface depth that emphasizes content without overwhelming the user. The design adopts a light-first theme mode, enhancing readability and warmth. Rounded shapes are prevalent, contributing to a friendly aesthetic. Content is primarily presented through product screenshots, effectively showcasing functionality while maintaining a clean, organized look.",digital,saas,taskFocused,mixed,singleAccent,expressive,balanced,flat,lightFirst,mixed,none,productScreenshots,low,trust
